{
  "experiment_id": "medsegdiff_flow_xca_20260105_173407",
  "status": "completed",
  "final_metrics": {
    "val/reconstruction_loss": 0.04802515730261803,
    "val/dice": 0.7814422845840454,
    "val/iou": 0.8653542399406433,
    "val/precision": 0.9475263357162476,
    "val/recall": 0.90337735414505,
    "val/specificity": 0.90337735414505,
    "val/betti_0_error": 14.050000190734863,
    "val/betti_1_error": 105.69999694824219,
    "val/cldice": 0.8195244669914246
  },
  "best_checkpoint": "experiments/medsegdiff_flow/xca/medsegdiff_flow_xca_20260105_173407/checkpoints/best.ckpt"
}