{
  "experiment_id": "berdiff_xca_20260105_170047",
  "status": "completed",
  "final_metrics": {
    "val/dice": 0.8066744804382324,
    "val/iou": 0.873923122882843,
    "val/precision": 0.9366790056228638,
    "val/recall": 0.9230762720108032,
    "val/specificity": 0.9230762720108032,
    "val/betti_0_error": 8.25,
    "val/betti_1_error": 104.19999694824219,
    "val/cldice": 0.8407949209213257
  },
  "best_checkpoint": "experiments/berdiff/xca/berdiff_xca_20260105_170047/checkpoints/best.ckpt"
}