{
  "experiment_id": "segdiff_flow_xca_20251231_122540",
  "status": "completed",
  "final_metrics": {
    "val/reconstruction_loss": 0.04863831400871277,
    "val/dice": 0.7886084318161011,
    "val/iou": 0.870161235332489,
    "val/precision": 0.9420034289360046,
    "val/recall": 0.9138123393058777,
    "val/specificity": 0.9138123393058777,
    "val/betti_0_error": 8.149999618530273,
    "val/betti_1_error": 85.19999694824219,
    "val/cldice": 0.8305339813232422
  },
  "best_checkpoint": "experiments/segdiff_flow/xca/segdiff_flow_xca_20251231_122540/checkpoints/best.ckpt"
}