{
  "experiment_id": "nnunet_rossa_20260102_101526",
  "status": "completed",
  "final_metrics": {
    "val/loss": 0.10684984177350998,
    "val/dice": 0.8719611167907715,
    "val/iou": 0.8774574398994446,
    "val/precision": 0.9402094483375549,
    "val/recall": 0.9240817427635193,
    "val/specificity": 0.9240817427635193,
    "val/betti_0_error": 138.39999389648438,
    "val/betti_1_error": 94.27999877929688,
    "val/cldice": 0.8950426578521729
  },
  "best_checkpoint": "experiments/nnunet/rossa/nnunet_rossa_20260102_101526/checkpoints/best.ckpt"
}